Swap-seq edit index (per edit)	Swap-seq edit name (per edit)	mean_effect_percent	n_replicates	n_biorep1	n_biorep2	p_value	SD	Variance	BH_p_value	Significant (BH<0.001)	Design categories
0	NO_PegRNA_Negative_Control_Barcode-1	0.6808821089645107	12	5	7	0.06490802754381873	1.150219183531874	1.3230041701647308	0.09422133030554332	False	Negative controls
0	NO_PegRNA_Negative_Control_Barcode-3	0.411719472940574	12	5	7	0.18566443984077993	1.0102235420649681	1.0205516049422905	0.22995137044500266	False	Negative controls
0	NO_PegRNA_Negative_Control_Barcode-4	0.599061430466132	12	5	7	0.06813970718230696	1.0261334721593245	1.0529499026857512	0.09786021776182383	False	Negative controls
0	NO_PegRNA_Negative_Control_Barcode-5	0.5679537863002154	12	5	7	0.13009604815287623	1.2025723303037847	1.4461802096122751	0.1672663476251266	False	Negative controls
0	NO_PegRNA_Negative_Control_Barcode-6	0.654866207800614	12	5	7	0.17236731314716822	1.55423393609398	2.4156431281061863	0.21747277826979167	False	Negative controls
1	chr10:80828483-80828842_ZMIZ1_promoter_1	9.368911763415204	12	5	7	0.006349242846136155	9.655445313972363	93.22762421111086	0.011593757655611112	False	Nearby-gene promoter
2	chr10:80828483-80828842_ZMIZ1_promoter_2	8.802138301559657	12	5	7	0.002073200353010715	7.615916612402609	58.00218584707003	0.004240637085703735	False	Nearby-gene promoter
4	chr10:80955128-80955627_CTCF_Peak67_1_4	6.858800829733223	12	5	7	2.1712413585190795e-05	3.377816700110127	11.409645659542868	7.327939585001893e-05	True	CTCF ChIP-seq peaks
5	chr10:80955128-80955627_CTCF_Peak67_1_5	7.176924602552801	12	5	7	1.0320958817773236e-05	3.261911411350508	10.640066055498663	3.870359556664963e-05	True	CTCF ChIP-seq peaks
6	chr10:80955128-80955627_CTCF_Peak67_1_6	5.381818154488136	12	5	7	0.00039706081840470877	3.7221727871409978	13.854570257332984	0.001003365134276422	False	CTCF ChIP-seq peaks
11	chr10:80962186-80962685_CTCF_Peak69_11	3.621084287363163	12	5	7	0.014948870552242852	4.354221209534128	18.95924234155684	0.02522621905690981	False	CTCF ChIP-seq peaks
14	chr10:81025873-81027158_CRISPRi_negative_Peak85_14	0.7089484921761815	12	5	7	0.504747922921797	3.5614194001947572	12.683708144083583	0.549523948342279	False	Candidate enhancer
19	chr10:81025873-81027158_CRISPRi_negative_Peak85_19	-6.549034122655256	9	5	4	0.3515414821287306	19.86182950803579	394.4922714062812	0.3963704957244268	False	Candidate enhancer
20	chr10:81025873-81027158_CRISPRi_negative_Peak85_20	-1.888552012865655	12	5	7	0.4405581202445472	8.176059062860814	66.84794179938845	0.4875028379755236	False	Candidate enhancer
21	chr10:81033436-81034996_CRISPRi_negative_Peak86_21	6.586521098356818	12	5	7	3.4413056419656975e-05	3.412678081153896	11.646371685588239	0.00010804099108496956	True	Candidate enhancer
22	chr10:81033436-81034996_CRISPRi_negative_Peak86_22	3.7319439685563363	12	5	7	0.0037096770969800856	3.525553716023614	12.429529004567915	0.007227279789701983	False	Candidate enhancer
23	chr10:81033436-81034996_CRISPRi_negative_Peak86_23	-15.884668888342967	12	5	7	2.749396128512097e-05	8.028258902226879	64.45294100118514	8.837344698788884e-05	True	Candidate enhancer
24	chr10:81033436-81034996_CRISPRi_negative_Peak86_24	-2.88395233390823	12	5	7	0.008022891720137268	3.093488153225289	9.56966895414521	0.014251189239717516	False	Candidate enhancer
25	chr10:81033436-81034996_CRISPRi_negative_Peak86_25	-5.1127825367734765	12	5	7	0.007188830658036096	5.381307646122866	28.95847198222042	0.012939895184464974	False	Candidate enhancer
28	chr10:81033436-81034996_CRISPRi_negative_Peak86_28	-10.416190691890446	12	5	7	9.865237580092912e-05	6.084189649457206	37.01736369056219	0.00026636141466250866	True	Candidate enhancer
29	chr10:81033436-81034996_CRISPRi_negative_Peak86_29	-8.475259671860654	12	5	7	0.0014957430983066715	6.997011478083151	48.95816962442737	0.003155083097990635	False	Candidate enhancer
30	chr10:81033436-81034996_CRISPRi_negative_Peak86_30	-10.306995936156374	12	5	7	2.420042917492473e-06	4.0259468173437964	16.208247776080643	1.0867862107021258e-05	True	Candidate enhancer
31	chr10:81045660-81046982_Nasser_enhancer_Peak88_31	0.7052842516989267	12	5	7	0.7439259546576954	7.293050902953105	53.1885914730651	0.7725384913752992	False	CRISPRi hits
32	chr10:81045660-81046982_Nasser_enhancer_Peak88_32	-3.278774486602952	12	5	7	0.022984124879386256	4.301915634633215	18.506478127501694	0.036938772127585055	False	CRISPRi hits
33	chr10:81045660-81046982_Nasser_enhancer_Peak88_33	-2.5072241969399545	12	5	7	0.10469665989356489	4.9116462844275945	24.124269223331396	0.1385691086826594	False	CRISPRi hits
34	chr10:81045660-81046982_Nasser_enhancer_Peak88_34	-5.890537856625844	12	5	7	0.011362566954035596	6.725014033511207	45.225813750922676	0.01966598126660007	False	CRISPRi hits
35	chr10:81045660-81046982_Nasser_enhancer_Peak88_35	-6.82528665296496	12	5	7	5.12548658497796e-07	2.279517939256905	5.196202035394046	2.661310342200095e-06	True	CRISPRi hits
36	chr10:81045660-81046982_Nasser_enhancer_Peak88_36	3.1430861966230776	12	5	7	0.07042508763719876	5.4354757461985646	29.544396587512843	0.09946763904967004	False	CRISPRi hits
38	chr10:81045660-81046982_Nasser_enhancer_Peak88_38	3.7136515242759898	12	5	7	0.019307369764925184	4.698840180847356	22.079099045145615	0.03140355323210723	False	CRISPRi hits
39	chr10:81045660-81046982_Nasser_enhancer_Peak88_39	-18.138942867083085	12	5	7	4.649925505146247e-09	3.8481614078652653	14.80834622098358	3.4874441288596854e-08	True	CRISPRi hits
41	chr10:81045660-81046982_Nasser_enhancer_Peak88_41	-3.746308107802919	12	5	7	0.014064519746411215	4.452115143868054	19.82132925425927	0.024034305895766002	False	CRISPRi hits
42	chr10:81045660-81046982_Nasser_enhancer_Peak88_42	1.7831574586603545	12	5	7	0.2478328621273243	5.061520370389725	25.61898845987014	0.29093422945381553	False	CRISPRi hits
43	chr10:81045660-81046982_Nasser_enhancer_Peak88_43	2.943142532243048	12	5	7	0.2572343338781197	8.532021043371689	72.79538308453732	0.2986036428411855	False	CRISPRi hits
44	chr10:81052664-81054398_CRISPRi_negative_Peak89_44	11.028614625107105	12	5	7	2.5830005829132937e-05	5.5357714729628045	30.64476580086878	8.50500191934865e-05	True	Candidate enhancer
45	chr10:81052664-81054398_CRISPRi_negative_Peak89_45	1.9890730332338906	12	5	7	0.25878982379569415	5.786258679593829	33.480789507174926	0.2986036428411855	False	Candidate enhancer
46	chr10:81052664-81054398_CRISPRi_negative_Peak89_46	4.0819548980913805	12	5	7	0.2788974648662401	12.414590509070516	154.12205750790372	0.3190776081096815	False	Candidate enhancer
47	chr10:81052664-81054398_CRISPRi_negative_Peak89_47	5.973421201001532	12	5	7	0.002668953151388436	5.365497197112799	28.788560172225306	0.005298656991727042	False	Candidate enhancer
48	chr10:81052664-81054398_CRISPRi_negative_Peak89_48	19.90122177586988	12	5	7	0.0005838792504138248	14.463149456962443	209.182692214433	0.0013137283134311058	False	Candidate enhancer
49	chr10:81052664-81054398_CRISPRi_negative_Peak89_49	-0.7803166951387664	12	5	7	0.7312213561702374	7.671249040601499	58.84806184292941	0.7652316518060625	False	Candidate enhancer
50	chr10:81052664-81054398_CRISPRi_negative_Peak89_50	2.955986613324704	12	5	7	0.12039279940760113	6.082156847718599	36.99263192025024	0.1562791146156361	False	Candidate enhancer
51	chr10:81052664-81054398_CRISPRi_negative_Peak89_51	2.9122289369357706	12	5	7	0.10386256442076351	5.6895561308248555	32.3710489658067	0.1385691086826594	False	Candidate enhancer
52	chr10:81052664-81054398_CRISPRi_negative_Peak89_52	1.625371556190607	12	5	7	0.19069955824906895	4.0377064827670415	16.303073640978994	0.2332110766435693	False	Candidate enhancer
53	chr10:81052664-81054398_CRISPRi_negative_Peak89_53	-4.3668332899103195	12	5	7	0.004997300535258617	4.3258496302869185	18.71297502385347	0.009369938503609907	False	Candidate enhancer
54	chr10:81052664-81054398_CRISPRi_negative_Peak89_54	2.387318670253983	12	5	7	0.1600704113355022	5.488983014713447	30.128934535812718	0.2038632597197434	False	Candidate enhancer
55	chr10:81052664-81054398_CRISPRi_negative_Peak89_55	0.5055217555016608	12	5	7	0.5302850653150618	2.702482595633235	7.303412179700548	0.5727078705402668	False	Candidate enhancer
56	chr10:81052716-81053119_CTCF_Peak89_56	6.876820207634837	12	5	7	0.00045083594690212677	4.833655546714544	23.36422594428428	0.001086836657710484	False	CTCF ChIP-seq peaks
58	chr10:81052716-81053119_CTCF_Peak89_58	5.990645726196359	12	5	7	0.0024361990930810143	5.308073827252762	28.17564775556578	0.004908759366655775	False	CTCF ChIP-seq peaks
60	chr10:81076343-81078342_Nasser_enhancer_Peak95_60	1.9557123404468533	12	5	7	0.027144375012950667	2.6600099979009433	7.075653188932976	0.042610356124980694	False	CRISPRi hits
61	chr10:81076343-81078342_Nasser_enhancer_Peak95_61	1.8080255730386554	12	5	7	0.10229396738267939	3.5141617215663765	12.34933260532236	0.1380968559666172	False	CRISPRi hits
63	chr10:81076343-81078342_Nasser_enhancer_Peak95_63	2.684656325880931	12	5	7	0.09007670172943921	5.004624384281891	25.0462652277489	0.12408525238239076	False	CRISPRi hits
65	chr10:81076343-81078342_Nasser_enhancer_Peak95_65	-11.785763638919434	12	5	7	9.781879602098962e-06	5.3261072872127935	28.367418834901223	3.7730107036667425e-05	True	CRISPRi hits
68	chr10:81080709-81081391_Nasser_enhancer_Peak96_68	5.621089408983088	12	5	7	0.0002052366848457142	3.582254807794121	12.832549507964096	0.0005432735775327728	True	CRISPRi hits
69	chr10:81080709-81081391_Nasser_enhancer_Peak96_69	4.158581109874946	12	5	7	0.0037474784094751025	3.9348290301089954	15.482879496188497	0.007227279789701983	False	CRISPRi hits
70	chr10:81080709-81081391_Nasser_enhancer_Peak96_70	-0.09772060993702898	12	5	7	0.9328441541981289	3.9263558539891408	15.416270292154795	0.9398056777369208	False	CRISPRi hits
72	chr10:81080709-81081391_Nasser_enhancer_Peak96_72	-4.882306742721466	12	5	7	0.08946435237424999	9.08158893993047	82.47525767386743	0.12408525238239076	False	CRISPRi hits
74	chr10:81080709-81081391_Nasser_enhancer_Peak96_74	-12.964486534929895	12	5	7	7.507018953755671e-05	7.336765626128194	53.82812985273624	0.00021562714016106713	True	CRISPRi hits
75	chr10:81080709-81081391_Nasser_enhancer_Peak96_75	-1.1373564152581601	12	5	7	0.10656033373434234	2.2415599375426996	5.024590953596431	0.13966645683627396	False	CRISPRi hits
78	chr10:81082668-81083491_Nasser_enhancer_Peak97_78	-11.149507735531278	12	5	7	4.136073427292006e-05	5.896739140686662	34.77153249330607	0.00012690225288282292	True	CRISPRi hits
79	chr10:81082668-81083491_Nasser_enhancer_Peak97_79	4.266519380382401	12	5	7	0.004058909684260802	4.087957717246778	16.711398297997487	0.007717645174298708	False	CRISPRi hits
82	chr10:81082668-81083491_Nasser_enhancer_Peak97_82	2.0912962828518733	12	5	7	0.3523293295328238	7.45943675005201	55.643196628026494	0.3963704957244268	False	CRISPRi hits
83	chr10:81082668-81083491_Nasser_enhancer_Peak97_83	-8.962528625017553	12	5	7	9.162118717509101e-07	3.1722256487863154	10.063015566817759	4.417450095941888e-06	True	CRISPRi hits
84	chr10:81082668-81083491_Nasser_enhancer_Peak97_84	-2.183799211998038	12	5	7	0.006355096789001646	2.2509358792707874	5.066712332588553	0.011593757655611112	False	CRISPRi hits
86	chr10:81083858-81084993_K27me3_2_86	-10.579708554503851	12	5	7	0.001399501657173329	8.652932678726907	74.87324394258002	0.003047301995458055	False	Other candidate elements
93	chr10:81088600-81089256_PPIF_intergenic_negative_Peak98_93	-15.082786169297684	12	5	7	1.3414020389715164e-08	3.537609022818524	12.514677598327033	9.054463763057736e-08	True	Other candidate elements
97	chr10:81091167-81091753_PPIF_intergenic_negative_Peak99_97	-3.237350105484474	12	5	7	0.0016120843646057616	2.701250056235903	7.296751866314469	0.003348175218796582	False	Other candidate elements
98	chr10:81091167-81091753_PPIF_intergenic_negative_Peak99_98	0.43032892906581716	12	5	7	0.6532343169938475	3.228136521417526	10.420865400909646	0.6943829353871608	False	Other candidate elements
99	chr10:81095053-81096513_PPIF_intergenic_negative_Peak100_99	7.936443583188751	12	5	7	1.4587905625600646e-05	3.7434146239557307	14.013153046845625	5.1825454196212825e-05	True	Other candidate elements
100	chr10:81095053-81096513_PPIF_intergenic_negative_Peak100_100	3.6422841271873216	12	5	7	0.018603486204798167	4.573839603339786	20.920008717079448	0.03062769070302137	False	Other candidate elements
104	chr10:81096890-81097985_PPIF_intergenic_negative_Peak101_104	-1.6875985771072914	12	5	7	0.3720373250928939	6.2820312938784575	39.46391717726825	0.41508296601273287	False	Other candidate elements
105	chr10:81106774-81107400_PPIF_promoter_105	-71.93990980341032	12	5	7	1.5962521416560283e-15	3.8758848706065736	15.022483530196936	3.078486273193769e-14	True	PPIF promoter
106	chr10:81106774-81107400_PPIF_promoter_106	-68.54834818972574	12	5	7	6.062015275100365e-11	9.701348621716992	94.11616508009018	6.295169708758072e-10	True	PPIF promoter
109	chr10:81107324-81107672_PPIF_splice_junction_109	-72.92697819246008	12	5	7	3.7903157353493214e-15	4.251313119001266	18.073663235792274	6.39615780340198e-14	True	PPIF splice junction
110	chr10:81107490-81108294_PPIF_intron_1_110	-63.014356716277575	12	5	7	8.8093721410841e-19	1.7149356927516786	2.9410044302736797	1.1892652390463535e-16	True	Candidate enhancer
111	chr10:81107490-81108294_PPIF_intron_1_111	-2.3968707035144976	12	5	7	0.4512515263514396	10.630471954904548	113.00693398401214	0.49527606550767767	False	Candidate enhancer
112	chr10:81107490-81108294_PPIF_intron_1_112	-48.6684414330689	12	5	7	1.2692801139592215e-11	5.962687741019891	35.55364509690889	1.427940128204124e-10	True	Candidate enhancer
113	chr10:81107490-81108294_PPIF_intron_1_113	-16.42091599923215	12	5	7	4.546931869504959e-07	5.419417178001301	29.370082549215585	2.4553432095326782e-06	True	Candidate enhancer
115	chr10:81107490-81108294_PPIF_intron_1_115	-15.188064512822583	12	5	7	1.1959843709197153e-07	4.396259578151079	19.3270982784851	7.019908264093982e-07	True	Candidate enhancer
116	chr10:81107490-81108294_PPIF_intron_1_116	-42.27880339695292	9	3	6	6.923917731854789e-07	9.121396731158368	83.19987832718657	3.4619588659273946e-06	True	Candidate enhancer
117	chr10:81107490-81108294_PPIF_intron_1_117	-63.42233188980139	12	5	7	4.0662780220063544e-17	2.4461511395958055	5.983655397745858	1.3723688324271446e-15	True	Candidate enhancer
118	chr10:81107490-81108294_PPIF_intron_1_118	-40.32162560419341	12	5	7	3.033306403464534e-12	4.331010940230214	18.7576557643938	4.5499596051968014e-11	True	Candidate enhancer
119	chr10:81107490-81108294_PPIF_intron_1_119	-36.02249353737968	12	5	7	7.556027934694308e-08	9.97242503073748	99.44926099367942	4.857446529446342e-07	True	Candidate enhancer
120	chr10:81107490-81108294_PPIF_intron_1_120	-49.33207465093829	12	5	7	1.2270920298539496e-17	1.7061419387945058	2.9109203153134753	8.28287120151416e-16	True	Candidate enhancer
121	chr10:81112535-81113450_PPIF_intron_5_121	-0.0713245060114122	12	5	7	0.9711674162925793	6.682224941325313	44.65213016647009	0.9711674162925793	False	Candidate enhancer
122	chr10:81112535-81113450_PPIF_intron_5_122	-1.9489367549475622	12	5	7	0.213416629132618	5.111895578029257	26.131476400675073	0.2572432583294949	False	Candidate enhancer
124	chr10:81112535-81113450_PPIF_intron_5_124	-17.069409570940106	12	5	7	6.802719752607216e-09	3.7538140677766147	14.091120055437615	4.833511403168285e-08	True	Candidate enhancer
126	chr10:81112535-81113450_PPIF_intron_5_126	-4.9047004085655095	12	5	7	0.0180443106331048	6.121264586555194	37.46988013861473	0.030073851055174666	False	Candidate enhancer
127	chr10:81112535-81113450_PPIF_intron_5_127	-7.249427009653068	12	5	7	0.011000182367818419	8.227206143245656	67.68692092345906	0.019286034021499827	False	Candidate enhancer
130	chr10:81112535-81113450_PPIF_intron_5_130	-49.35324245101873	10	5	5	4.0816380525014175e-09	7.128268844264405	50.8122167161106	3.241300806398185e-08	True	Candidate enhancer
135	chr10:81113614-81114442_PPIF_3prime_UTR_135	-22.704501532957867	12	5	7	1.8720909804192867e-06	8.638701031319203	74.62715550851546	8.714906288158749e-06	True	Other candidate elements
136	chr10:81113614-81114442_PPIF_3prime_UTR_136	-2.8038849870298996	12	5	7	0.034978346367818866	4.040170817871288	16.32298023757875	0.05365996317790395	False	Other candidate elements
140	chr10:81115171-81116596_PPIF_3prime_UTR_downstream_Peak105_140	-1.041093803513632	12	5	7	0.6286918548999456	7.250447562754994	52.56898986025983	0.6735984159642274	False	Other candidate elements
142	chr10:81115171-81116596_PPIF_3prime_UTR_downstream_Peak105_142	1.8110903103419613	12	5	7	0.23781277025478492	5.025593981233442	25.256594864209795	0.2816203858280348	False	Other candidate elements
143	chr10:81115171-81116596_PPIF_3prime_UTR_downstream_Peak105_143	24.681320192736138	12	5	7	2.495583150501178e-06	9.671049028371712	93.52918930916944	1.0867862107021258e-05	True	Other candidate elements
144	chr10:81115171-81116596_PPIF_3prime_UTR_downstream_Peak105_144	2.17978665226624	12	5	7	0.03005252661975225	3.032921682498324	9.198613932168465	0.04663323096168452	False	Other candidate elements
146	chr10:81134306-81134805_CTCF_Peak107_146	-14.334195279401918	12	5	7	6.78161900398068e-10	2.538523932821699	6.444103757508546	6.539418325267084e-09	True	CTCF ChIP-seq peaks
149	chr10:81163825-81164877_Nasser_positive_effect_Peak114_149	25.834328031730518	12	5	7	5.499701033120875e-12	2.9307823384212646	8.589485115202017	7.177510740366514e-11	True	Other candidate elements
150	chr10:81163825-81164877_Nasser_positive_effect_Peak114_150	26.76574337516554	12	5	7	5.8483420847430855e-12	3.053647901964766	9.324765509173819	7.177510740366514e-11	True	Other candidate elements
151	chr10:81163825-81164877_Nasser_positive_effect_Peak114_151	28.3188658388633	12	5	7	3.2623069830921226e-09	5.810456029350632	33.76139926901712	2.7525715169839784e-08	True	Other candidate elements
153	chr10:81163825-81164877_Nasser_positive_effect_Peak114_153	24.88144614603218	12	5	7	1.4573609634399133e-09	4.7331090364637545	22.40232115105485	1.3116248670959219e-08	True	Other candidate elements
159	chr16:59293060-59294216_Negative_Distal_CTCF_chr16_159	-2.879741685443929	12	5	7	0.21977493114854638	7.666381629775002	58.77340729335162	0.26256297084118374	False	Negative controls
161	chr19:55626411-55626850_Negative_AAVS1_region2_161	-0.4372994463861037	12	5	7	0.8223304044241935	6.586964574604046	43.388102307088666	0.8410197317974706	False	Negative controls
166	chr1:195450396-195451204_Negative_Distal_CTCF_chr1_166	-0.08461777410761533	12	5	7	0.83454416141634	1.3704312234992586	1.8780817383416748	0.8470936976782399	False	Negative controls
169	chr4:180788509-180788817_Negative_Distal_CTCF_chr4_169	-10.281638006674054	12	5	7	8.77188364191187e-05	5.924115204219461	35.09514095286419	0.00024167434523634745	True	Negative controls
171	chr6:103570890-103571238_Negative_Distal_CTCF_chr6_171	-11.455877142051726	12	5	7	0.00046664519627242265	8.087837560432767	65.41311640394706	0.0011052123069610008	False	Negative controls
179	chr10:81082668-81083491_Nasser_enhancer_Peak97_179	-22.672938617860808	12	5	7	4.987201726938443e-06	9.54394428626157	91.08687253926489	2.0402188882929993e-05	True	CRISPRi hits
180	chr10:81082668-81083491_Nasser_enhancer_Peak97_180	-13.964177559275178	12	5	7	1.1940948654692348e-07	4.041377593933083	16.332732856744354	7.019908264093982e-07	True	CRISPRi hits
185	TP_peg3_PPIFenh_s11-s7_STARR_185	-9.037368633495118	12	5	7	2.581490736868369e-07	2.8204006834551794	7.954660015234443	1.4520885394884575e-06	True	CRISPRi hits
186	TP_peg5_PPIFenh_s4-s7_STARR_186	-5.593379005438773	12	5	7	5.650241814984222e-05	3.06418790074232	9.389247491055626	0.00016950725444952666	True	CRISPRi hits
187	TP_peg6_PPIFenh_s17-s7_STARR_187	-8.031095579211357	12	5	7	5.33774468732756e-06	3.404688975222029	11.59190701799843	2.119398625850649e-05	True	CRISPRi hits
188	TP_peg7_PPIFenh_s17-s18_STARR_188	-7.609432637781576	12	5	7	1.1079528619926542e-05	3.484763024774415	12.14357333883493	4.042530712675901e-05	True	CRISPRi hits
189	TP_peg9_PPIFprom_s1-s8_STARR_189	-83.03762766984678	12	5	7	3.1466887105724425e-17	3.128826276262697	9.789553867031893	1.3723688324271446e-15	True	PPIF promoter
190	TP_peg10_PPIFprom_s2-s8_STARR_190	-89.8050658789201	12	5	7	1.6160274749117423e-16	3.927329032779586	15.423913331713438	4.363274182261704e-15	True	PPIF promoter
191	TP_peg12_PPIFprom_s6-s8_STARR_191	-74.70757987721491	12	5	7	3.397764375343093e-16	3.4958466012739695	12.220943459638764	7.64496984452196e-15	True	PPIF promoter
192	TP_peg2_HEK3_STARR_192	-6.913438678490365	12	5	7	2.0708571599846295e-05	3.3871696556592936	11.472918276219097	7.168351707639102e-05	True	Negative controls
195	CD46_195	-6.682458931841389	12	5	7	0.0436638004696476	10.160371994178378	103.23315906008432	0.06477596772969699	False	Negative controls
197	chr10:81113614-81114442_PPIF_3prime_UTR_197	-7.172588556092239	12	5	7	0.00042763807502096436	5.0076777446680785	25.076836394443973	0.0010496570932332762	False	Other candidate elements
198	chr10:81163825-81164877_Nasser_positive_effect_Peak114_198	28.849373302622254	11	5	6	3.067567664901707e-06	10.284390349802946	105.76868486711996	1.2941301086304076e-05	True	Other candidate elements
200	chr19:55627074-55627839_Negative_AAVS1_region1_200	-9.476531237906997	12	5	7	8.760777721476283e-05	5.459423547544102	29.805305471479024	0.00024167434523634745	True	Negative controls
201	chr10:81104985-81105408_PPIF_promoter_upstream_Peak102_201	-2.3153485939192855	12	5	7	0.09313614670422375	4.36283976274827	19.03437079541738	0.12700383641485055	False	Other candidate elements
202	chr10:81104985-81105408_PPIF_promoter_upstream_Peak102_202	-22.70600931892319	12	5	7	0.0002595267973430409	14.891608198519464	221.7599947382121	0.0006737714931021255	True	Other candidate elements
204	chr10:81104985-81105408_PPIF_promoter_upstream_Peak102_204	-8.57191148119839	12	5	7	0.0004013460537105688	5.936576883374126	35.242945092212054	0.001003365134276422	False	Other candidate elements
207	chr10:81205332-81205751_ZCCHC24_promoter_Peak121_207	9.032301304896361	12	5	7	7.369161241940102e-05	5.100605963605376	26.016181195966723	0.00021562714016106713	True	Nearby-gene promoter
